countyCode,countyName,cityCode,cityName,HotelCode,HotelName,HotelRating,Address,Attractions,Description,FaxNumber,HotelFacilities,Map,PhoneNumber,PinCode,HotelWebsiteUrl
SA,Saudi Arabia,100218,Abha,1067262,Abha Palace,FiveStar,Abha City Po Box 1100 Abha Abha ,,"Abha Palace hotel located on the edge of Al-Sad Lake, 10 minutes from Abha Airport . The hotel rooms have the overlook to the Al-Sad Lake and surrounding mountains.

The well-appointed rooms at Abha Palace include a spacious seating area with a flat-screen cable TV. All rooms come with a minibar and a private bathroom stocked with toiletries. The suites provide floor-to-ceiling windows, plush sofas, carpeted floors and exquisite wooden furniture are part of the elegant décor.

Massages are available at the spa. It includes a well-equipped gym and an indoor swimming pool. Guests can also relax in the sauna or hot tub.

Near  there is  a recreational park which the guests will be enjoy games, cable car ride starting from the station next to the hotel until the Green Mountain, where they can enjoy the amazing  views overlooking of Abha City.

Sightseeing tours through the Aseer Region can be arranged. In addition, private trips to Al Sahab Park and traditional markets are offered. Abha Palace is directly linked to Jebel Zerrah and Abu Khayal by 2 cable cars. Abha Airport is a 30-minute drive away, and a shuttle can be arranged. Guests are required to show a photo identification and credit card upon check-in. Please note that all Special Requests are subject to availability and additional charges may apply.
In response to Coronavirus (COVID-19), additional safety and sanitation measures are in effect at this property.
Spa and gym facilities at this property are unavailable due to Coronavirus (COVID-19).
Food & beverage services at this property may be limited or unavailable due to Coronavirus (COVID-19).
Due to Coronavirus (COVID-19), this property is taking steps to help protect the safety of guests and staff. Certain services and amenities may be reduced or unavailable as a result.
A damage deposit of SAR 300 is required on arrival. This will be collected as a cash payment. You should be reimbursed on check-out. Your deposit will be refunded in full in cash, subject to an inspection of the property.
Please note that 24 hour room service is available, and food and beverages are only allowed inside rooms.

Please note that during the month of Ramadan, Suhoor will be served instead of breakfast.",96672295555,Parking Restaurant Room service meeting/banquet facilities process in place to check health of guests 24-hour front desk first aid kit available Tennis Court Sauna Fitness centre Terrace Non-smoking rooms Airport shuttle Business centre Laundry dry cleaning contactless check-in/check-out breakfast in the room cashless payment available physical distancing rules followed mobile app for room service all plates  cutlery  glasses and other tableware have been sanitized guests have the option to cancel any cleaning services for their accommodation during their stay breakfast takeaway containers Ironing service delivered food is securely covered Free parking thermometers for guests provided by property internet services face masks for guests available lift express check-in/check-out Massage Billiards Table tennis Packed lunches Car hire hammam Fax/photocopying Luggage storage wifi Free WiFi Non-smoking throughout Air conditioning designated smoking area ATM/cash machine on site Snack Bar concierge service Private check-in/check-out shuttle service (additional charge) Special diet menus (on request) airport shuttle (additional charge) Daily housekeeping parking on site Private parking wifi available in all areas Public Bath secured parking Street parking Accessible parking airport pick up airport drop off Spa Facilities Fitness fitness/spa locker rooms Shuttle service Themed dinner nights 24-hour security Key card access Security alarm Smoke alarms CCTV in common areas CCTV outside property Fire extinguishers use of cleaning chemicals that are effective against coronavirus linens  towels and laundry washed in accordance with local authority guidelines guest accommodation is disinfected between stays guest accommodation sealed after cleaning physical distancing in dining areas food can be delivered to guest accommodation staff follow all safety protocols as directed by local authorities shared stationery such as printed menus  magazines  pens  and paper removed hand sanitizer in guest accommodation and key areas,18.21019|42.483,0096613809600,1100,https://www.booking.com/hotel/sa/abha-palace.html
SA,Saudi Arabia,100218,Abha,1238624,Al Buhaira Resort,ThreeStar,Al Sooda Road  ,,"Al Buhaira Resort is a popular choice amongst travelers in Abha, whether exploring or just passing through. The property features a wide range of facilities to make your stay a pleasant experience. Take advantage of the hotel's free Wi-Fi in all rooms, 24-hour front desk, Wi-Fi in public areas, car park, airport transfer. Comfortable guestrooms ensure a good night's sleep with some rooms featuring facilities such as television LCD/plasma screen, internet access  wireless, internet access  wireless (complimentary), air conditioning, wake-up service. Entertain the hotel's recreational facilities, including indoor pool, spa. A welcoming atmosphere and excellent service are what you can expect during your stay at Al Buhaira Resort.",966-7-2247515,24-hour front desk airport transfer car park elevator free Wi-Fi in all rooms Laundry service Restaurant safety deposit boxes Wi-Fi in public areas,18.22021473|42.5081706,966-7-2246458,62512,
SA,Saudi Arabia,100218,Abha,1238675,Boudl Abha,All,Near Abha Mall Complex Abha ,Distances are displayed to the nearest 0.1 mile and kilometer. <br /> <p>Waterfall Park - 1.9 km / 1.2 mi <br /> Shada Palace - 3.8 km / 2.4 mi <br /> Abha Cultural Arena - 4 km / 2.5 mi <br /> Agrab Market - 4.1 km / 2.5 mi <br /> Reservoir Park - 4.7 km / 2.9 mi <br /> Abha Lake - 4.7 km / 2.9 mi <br /> Tuesday Traditional Market - 4.7 km / 2.9 mi <br /> Andalus Park - 2.7 km / 1.7 mi <br /> Muftaha Theatre - 4 km / 2.5 mi <br /> Rihana Mall - 4.8 km / 3 mi <br /> Al Salam Theme Park - 5.7 km / 3.6 mi <br /> Abu Khayal Garden Park - 6.5 km / 4 mi <br /> Aseer National Park - 8.2 km / 5.1 mi <br /> Abha Palace Theme Park - 8.7 km / 5.4 mi <br /> King Khalid University - 9.9 km / 6.1 mi <br /> </p><p>The nearest major airport is Abha (AHB) - 19.9 km / 12.4 mi</p>,"<p>HeadLine : Near Waterfall Park</p><p>Location : Located in Abha, Boudl Abha is within a 5-minute drive of Agrab Market and Andalus Park.  This aparthotel is 1.8 mi (2.9 km) from Shada Palace and 2.2 mi (3.5 km) from Tuesday Traditional Market.</p><p>Rooms : Make yourself at home in one of the 50 air-conditioned rooms featuring kitchens. Flat-screen televisions with satellite programming provide entertainment, while complimentary wireless Internet access keeps you connected. Conveniences include phones, as well as safes and minibars.</p><p>Dining : Satisfy your appetite at the aparthotel s coffee shop/cafe, or stay in and take advantage of the 24-hour room service.</p><p>CheckIn Instructions : <ul>  <li>Extra-person charges may apply and vary depending on property policy</li><li>Government-issued photo identification and a credit card, debit card, or cash deposit may be required at check-in for incidental charges</li><li>Special requests are subject to availability upon check-in and may incur additional charges; special requests cannot be guaranteed</li><li>This property accepts credit cards; cash is not accepted</li><li>Safety features at this property include a carbon monoxide detector, a fire extinguisher, a smoke detector, a security system, a first aid kit, and window guards</li><li>Please note that cultural norms and guest policies may differ by country and by property; the policies listed are provided by the property</li>  </ul></p><p>Special Instructions : To make arrangements for check-in please contact the property at least 72 hours before arrival using the information on the booking confirmation. Guests must contact the property in advance for check-in instructions. Front desk staff will greet guests on arrival.</p>",966-11-4643468,Dry cleaning/laundry service Wheelchair accessible (may have limitations) Number of meeting rooms - 1 24-hour front desk Free WiFi Smoke-free property In-room accessibility (in select rooms) Number of coffee shops/cafes - 1 Laundry facilities Free newspapers in lobby elevator Free self parking Fitness facilities,18.232943|42.505368,966-920000666,99999*,http://www.boudl.com
SA,Saudi Arabia,100218,Abha,1306966,InterContinental Abha,ThreeStar,PO BOX 1447 ABHA KINGDOM OF SAUDI ARABIA ,,"This unpretentious hotel is set in Abha. InterContinental Abha features a total of 130 guests rooms. Both wired and wireless connections are available for guests' convenience at the communal areas. InterContinental Abha offers 24-hour reception for guests' convenience. This establishment's common areas are disability-friendly. InterContinental Abha is not a pet-friendly establishment. Moreover, those travelling with their own vehicle may make good use of the parking facilities at InterContinental Abha.",,Hotel IHG - Clean Promise,18.2139|42.5197,,0,http://www.ihg.com/intercontinental/hotels/gb/en/abha/ahbha/hoteldetail
SA,Saudi Arabia,100218,Abha,1405755,Abha Hotel,ThreeStar,King Saud Street Al Aziziah District Al Aziziah DistrictAbha 61321 ,,"Abha Hotel is located in downtown Abha, less than 5 minutes by car from Green Mountain. The restaurant is open 12 hours and serves oriental food. Free Wi-Fi is available in the entire hotel.

The rooms are air conditioned and have marble flooring. They include a satellite TV, minibar, and wardrobe. The bathroom has a shower and includes a hairdryer and free toiletries.

Abha International Airport is 19 km from Abha Hotel, and airport shuttle can be provided. There is a free private parking on the hotels site. Please check your visa requirements before travelling.",,Parking Restaurant Room service 24-hour front desk Non-smoking rooms Business centre Laundry dry cleaning Facilities for disabled guests Barber/beauty shop Family rooms breakfast in the room Ironing service Free parking internet services lift Safety Deposit Box Soundproof rooms Heating Fax/photocopying Luggage storage wifi Allergy-free room Free WiFi Non-smoking throughout Air conditioning designated smoking area concierge service Trouser press Lockers minimarket on site Daily housekeeping grocery deliveries parking on site wifi available in all areas Street parking Accessible parking Wheelchair accessible Toilet with grab rails Visual aids: Braille Visual aids: Tactile signs Strollers 24-hour security Key access Key card access Security alarm Smoke alarms CCTV in common areas CCTV outside property Fire extinguishers use of cleaning chemicals that are effective against coronavirus linens  towels and laundry washed in accordance with local authority guidelines guest accommodation is disinfected between stays guest accommodation sealed after cleaning physical distancing in dining areas food can be delivered to guest accommodation staff follow all safety protocols as directed by local authorities shared stationery such as printed menus  magazines  pens  and paper removed hand sanitizer in guest accommodation and key areas contactless check-in/check-out cashless payment available physical distancing rules followed screens or physical barriers placed between staff and guests in appropriate areas all plates  cutlery  glasses and other tableware have been sanitized guests have the option to cancel any cleaning services for their accommodation during their stay,18.21345|42.4998,966172305552,61321,https://www.booking.com/hotel/sa/abha.html
SA,Saudi Arabia,100218,Abha,1418713,Assalam Palace,FourStar,Imam Mohammed Ibn Saud Street  ,,"Located in downtown Abha, Assalam Palace is less than a 10-minute drive from Abha Mall. The hotel has a restaurant serving breakfast buffets and special diet menus on request. Room service is also provided.

The rooms and suites are air conditioned and have carpeted flooring. There is a seating area with a flat-screen satellite TV, a fridge, a wardrobe, and a safety deposit box.

The hotel has a business centre and offers meeting facilities. Free Wi-Fi is available in the entire hotel. There is also a 24-hour front desk that can assist in laundry and ironing services.

Abha International Airport is 19 km from Assalam Palace, and free airport shuttle is provided. Free private parking is available on the hotels site. Please check your visa requirements.",+9662282828,Free self parking Restaurant Room service Meeting rooms 24-hour front desk Fitness facilities Free newspapers in lobby Terrace Non-smoking rooms Airport shuttle Business center Laundry facilities Facilities for disabled guests Family rooms Breakfast service Ironing service Bridal suite Internet access Elevator/lift Express check-in Safe-deposit box at front desk Free valet parking Currency exchange Gift shops or newsstand Shoeshine Chapel/shrine Heating Fax/photocopying Luggage storage Shopping on site Free WiFi Free WiFi Non-smoking throughout Air conditioning ATM/banking Snack bar/deli Area shuttle (surcharge) Free airport transportation Lockers Parking onsite Private parking Kid meals Street parking,18.21621|42.49762,+9662281000+9662282828,99999*,https://www.booking.com/hotel/sa/kasr-salam.html
SA,Saudi Arabia,100218,Abha,1483487,Al Sooda Resort,OneStar,Al Sooda Abha ,,"Al Sooda Resort is conveniently located in the popular Abha area. Featuring a complete list of amenities, guests will find their stay at the property a comfortable one. 24-hour room service, free Wi-Fi in all rooms, 24-hour security, taxi service, 24-hour front desk are on the list of things guests can enjoy. Guestrooms are fitted with all the amenities you need for a good night's sleep. In some of the rooms, guests can find towels, complimentary tea, carpeting, clothes rack, slippers. The hotel offers various recreational opportunities. Al Sooda Resort is an excellent choice from which to explore Abha or to simply relax and rejuvenate.",966172291488,24-hour front desk 24-hour room service 24-hour security car park coffee shop elevator express check-in/check-out family room free Wi-Fi in all rooms Newspapers Restaurant Room service safety deposit boxes shared lounge/TV area Smoking area taxi service Wi-Fi in public areas,18.29395|42.36064,966172291500,,http://www.syahya.com.sa/sooda.html
SA,Saudi Arabia,100218,Abha,1495257,La Fontaine Sarat Abha Hotel,TwoStar,Al Sooda Road Al Khaldiyah District Al Khaldiyah DistrictAbha 52935 ,Distances are displayed to the nearest 0.1 mile and kilometer. <br /> <p>Waterfall Park - 4.9 km / 3.1 mi <br /> Abha Cultural Arena - 3.4 km / 2.1 mi <br /> Reservoir Park - 4.5 km / 2.8 mi <br /> Tuesday Traditional Market - 5 km / 3.1 mi <br /> Muftaha Theatre - 5.6 km / 3.5 mi <br /> Muftaha Museum - 5.6 km / 3.5 mi <br /> Shada Palace - 5.8 km / 3.6 mi <br /> Aseer National Park - 6.2 km / 3.9 mi <br /> Abu Khayal Garden Park - 7.2 km / 4.5 mi <br /> Abha Lake - 7.2 km / 4.5 mi <br /> Andalus Park - 7.8 km / 4.9 mi <br /> Rihana Mall - 9 km / 5.6 mi <br /> Al Salam Theme Park - 10.8 km / 6.7 mi <br /> King Khalid University - 15.4 km / 9.6 mi <br /> Jabal Sawda - 18.3 km / 11.4 mi <br /> </p><p>The preferred airport for La Fontaine Sarat Abha Hotel is Abha (AHB) - 25 km / 15.5 mi </p>,"<p>HeadLine : Near Abha Cultural Arena</p><p>Location : Located in Abha, La Fontaine Sarat Abha Hotel is a 5-minute drive from Abha Cultural Arena and 6 minutes from Reservoir Park.  This hotel is 2.9 mi (4.6 km) from Waterfall Park and 3.1 mi (5 km) from Tuesday Traditional Market.</p><p>Rooms : Make yourself at home in one of the 41 air-conditioned rooms featuring fireplaces and LCD televisions. Complimentary wireless Internet access is available to keep you connected. Conveniences include phones, as well as safes and desks.</p><p>Dining : Enjoy a meal at the restaurant or snacks in the hotel s coffee shop/café. Mingle with other guests at the complimentary reception, held daily.</p><p>CheckIn Instructions : <ul>  <li>Extra-person charges may apply and vary depending on property policy</li><li>Government-issued photo identification and a credit card, debit card, or cash deposit may be required at check-in for incidental charges</li><li>Special requests are subject to availability upon check-in and may incur additional charges; special requests cannot be guaranteed</li><li>This property accepts credit cards</li><li>Safety features at this property include a fire extinguisher, a smoke detector, a security system, a first aid kit, and window guards</li><li>Please note that cultural norms and guest policies may differ by country and by property; the policies listed are provided by the property</li>  </ul></p><p>Special Instructions : Front desk staff will greet guests on arrival.</p>",966-12-6521444,Safe-deposit box at front desk Free reception Terrace Luggage storage Newspapers in lobby (surcharge) Fitness facilities Concierge services 24-hour front desk Porter/bellhop Meeting rooms Tours/ticket assistance Accessible bathroom Free self parking Free WiFi Wheelchair accessible parking Airport transportation (surcharge) Smoke-free property Number of coffee shops/cafes - 1,18.229889|42.467684,966-12-6521444,52935,
SA,Saudi Arabia,100218,Abha,1498943,Phorbion Hotel Suites,ThreeStar,Al Soudah Road Abha ,Distances are displayed to the nearest 0.1 mile and kilometer. <br /> <p>Tuesday Traditional Market - 4.6 km / 2.8 mi <br /> Shada Palace - 4.7 km / 2.9 mi <br /> Waterfall Park - 4.7 km / 2.9 mi <br /> Muftaha Theatre - 5 km / 3.1 mi <br /> Muftaha Museum - 5 km / 3.1 mi <br /> Abha Cultural Arena - 3.2 km / 2 mi <br /> Reservoir Park - 4.4 km / 2.7 mi <br /> Aseer National Park - 6.1 km / 3.8 mi <br /> Abha Lake - 6.8 km / 4.2 mi <br /> Abu Khayal Garden Park - 7.1 km / 4.4 mi <br /> Andalus Park - 7.2 km / 4.5 mi <br /> Rihana Mall - 8.9 km / 5.5 mi <br /> Al Salam Theme Park - 10.9 km / 6.8 mi <br /> King Khalid University - 15.3 km / 9.5 mi <br /> Jabal Sawda - 19.8 km / 12.3 mi <br /> </p><p>The nearest major airport is Abha (AHB) - 25.1 km / 15.6 mi</p>,"<p>HeadLine : Near Abha Cultural Arena</p><p>Location : Located in Abha, Phorbion Hotel Suites is a 5-minute drive from Abha Cultural Arena and 5 minutes from Reservoir Park.  This aparthotel is 2.8 mi (4.5 km) from Waterfall Park and 3.1 mi (4.9 km) from Tuesday Traditional Market.</p><p>Rooms : Make yourself at home in one of the 31 guestrooms, featuring kitchens with full-sized refrigerators/freezers and stovetops. Complimentary wireless Internet access keeps you connected, and satellite programming is available for your entertainment. Conveniences include safes and desks, and housekeeping is provided daily.</p><p>CheckIn Instructions : Extra-person charges may apply and vary depending on property policy Government-issued photo identification and a credit card, debit card, or cash deposit may be required at check-in for incidental charges Special requests are subject to availability upon check-in and may incur additional charges; special requests cannot be guaranteed This property accepts credit cards Please note that cultural norms and guest policies may differ by country and by property; the policies listed are provided by the property</p><p>Special Instructions : Front desk staff will greet guests on arrival.</p>",966-17-2310995,Safe-deposit box at front desk Barbecue grill(s) Laundry facilities Terrace Luggage storage Free self parking Free WiFi Smoke-free property Concierge services 24-hour front desk,18.229708|42.468604,966-17-2310995,52935,
SA,Saudi Arabia,100218,Abha,1628309,Melaf Suites,All,King Fahad Road Al Mowazfin District Al Mowazfin DistrictAbha 61321 ,,"Located in Abha , ????? ????? features self-catered accommodations. It offers free-Wi-Fi in all areas and Asir Mall is 3 minutes away by car.

All units are fitted with tiled and carpeted floors. Each apartment includes a separate living room with a satellite flat-screen TV and a fully equipped kitchen. The bathroom is fitted with a shower.

Abha is a 5-minute drive and Abha Regional Airport is 10 minutes away by car. Free private parking is available on site. Please inform Elaf Suits in advance of your expected arrival time. You can use the Special Requests box when booking, or contact the property directly with the contact details provided in your confirmation.
Guests are required to show a photo identification and credit card upon check-in. Please note that all Special Requests are subject to availability and additional charges may apply.
This property will not accommodate hen, stag or similar parties.
Please check your visa requirements before you travel.

Please note that this property is a family property only.",,invoice provided guests have the option to cancel any cleaning services for their accommodation during their stay thermometers for guests provided by property Parking Room service 24-hour front desk Laundry Facilities for disabled guests Family rooms Ironing service Free parking internet services lift Heating Luggage storage wifi Free WiFi Non-smoking throughout Air conditioning Lockers Daily housekeeping grocery deliveries parking on site wifi available in all areas secured parking Street parking Accessible parking Wheelchair accessible coffee house on site 24-hour security Security alarm Smoke alarms Fire extinguishers use of cleaning chemicals that are effective against coronavirus linens  towels and laundry washed in accordance with local authority guidelines guest accommodation is disinfected between stays guest accommodation sealed after cleaning staff follow all safety protocols as directed by local authorities shared stationery such as printed menus  magazines  pens  and paper removed hand sanitizer in guest accommodation and key areas process in place to check health of guests contactless check-in/check-out cashless payment available physical distancing rules followed,18.23566|42.58962,+966 17 230 5444,61321,https://www.booking.com/hotel/sa/melaf-suites.html
SA,Saudi Arabia,100218,Abha,1628942,Al Raha Apartment,ThreeStar,Restaurants Street Next To Andalus Park Next to Andalus ParkAbha 99999 ,,"Set in a prime location of Abha, Al Raha Apartment puts everything the city has to offer just outside your doorstep. The hotel offers a wide range of amenities and perks to ensure you have a great time. 24-hour front desk, Wi-Fi in public areas, car park, family room, laundry service are there for guest''s enjoyment. Guestrooms are fitted with all the amenities you need for a good night''s sleep. In some of the rooms, guests can find air conditioning, balcony/terrace, fan, television, satellite/cable TV. The hotel offers various recreational opportunities. Al Raha Apartment is an excellent choice from which to explore Abha or to simply relax and rejuvenate.",,Laundry service Family rooms Wireless Internet Access Car Parking 24 Hour Front Desk,18.20640619|42.51451761,+966 7 228 6000,99999,
SA,Saudi Arabia,100218,Abha,1629068,Orchid Suites 3,All,Al Madinah Road Al Nuzha District Al Nuzha DistrictAbha 61311 ,,"Located 1.6 km from Al Andalus Park and 2 km from Agrab Market, Orchid Suites 3 provides accommodation in Abha. Free WiFi is provided throughout the property and private parking is available on site.

Accommodation is fitted with air conditioning and features a flat-screen TV with satellite channels, a fully equipped kitchenette with a dining area, and a private bathroom with slippers.

Abu Khayal Garden Park is 2.7 km from the aparthotel, while Muftaha Palace Theatre is 2.9 km away. The nearest airport is Abha Airport, 19 km from Orchid Suites 3. Please check your visa requirements before you travel.",966-17-2243636,Parking Room service Non-smoking rooms Facilities for disabled guests Family rooms internet services lift Safety Deposit Box Luggage storage wifi Free WiFi Air conditioning designated smoking area Daily housekeeping parking on site Private parking wifi available in all areas invoice provided,18.21031|42.50852,966-17-2243636,61311,https://www.booking.com/hotel/sa/jnh-l-wrkyd-orchid-suites.html
SA,Saudi Arabia,100218,Abha,1629310,Rose Palace,All,Amro bin Aljomoh Street 11555 Abha ,,"??? ??? ??????? ??????? housing units provides a place of self-catering accommodation in Abha. Guests can enjoy free Wi-Fi throughout the hotel.

All rooms feature stylish and trendy decor. They offer a flat-screen TV, a walk-in closet and a minibar. All apartments include a living room and a kitchen equipped with a refrigerator, oven, electric kettle and a microwave.

Other services include room service and delivery of groceries by the front desk 24 hours a day. Free private parking is available on-site.

There are a number of restaurants and services within a short walk from the Rose Palace residential units.

Asir Ali Mall is also located just two minutes by car while the King Khalid University is located 3.7 km from the Rose Palace. Abha airport is the closest airport to the Palace Rose, 7 km away. Please inform Rose Palace For Residential Units in advance of your expected arrival time. You can use the Special Requests box when booking, or contact the property directly with the contact details provided in your confirmation.
Guests are required to show a photo identification and credit card upon check-in. Please note that all Special Requests are subject to availability and additional charges may apply.",,process in place to check health of guests contactless check-in/check-out cashless payment available physical distancing rules followed invoice provided guests have the option to cancel any cleaning services for their accommodation during their stay thermometers for guests provided by property face masks for guests available Parking Room service 24-hour front desk Non-smoking rooms Laundry Facilities for disabled guests Family rooms Ironing service Free parking internet services lift express check-in/check-out Heating wifi Free WiFi Non-smoking throughout Air conditioning Lockers Daily housekeeping grocery deliveries parking on site secured parking Street parking Accessible parking Wheelchair accessible Higher level toilet Lower bathroom sink 24-hour security Key access Security alarm Smoke alarms CCTV in common areas CCTV outside property Fire extinguishers use of cleaning chemicals that are effective against coronavirus linens  towels and laundry washed in accordance with local authority guidelines guest accommodation is disinfected between stays guest accommodation sealed after cleaning physical distancing in dining areas staff follow all safety protocols as directed by local authorities shared stationery such as printed menus  magazines  pens  and paper removed hand sanitizer in guest accommodation and key areas,18.23487|42.59115,,11555,https://www.booking.com/hotel/sa/rose-palace.html
SA,Saudi Arabia,100218,Abha,1657217,Masharef Al Modon Hotel Suites,ThreeStar,King Abdullah Road Airport Interchange Airport Interchange12321 Abha ,Distances are displayed to the nearest 0.1 mile and kilometer. <br /> <p>Al Sa ada Park - 15.3 km / 9.5 mi <br /> Al Salam Theme Park - 16.3 km / 10.1 mi <br /> Rihana Mall - 17.7 km / 11 mi <br /> Albanoon Land - 18.7 km / 11.6 mi <br /> King Khalid University - 19.8 km / 12.3 mi <br /> Prince Sultan bin Abdul Aziz Stadium - 20.3 km / 12.6 mi <br /> Agrab Market - 20.5 km / 12.7 mi <br /> Abu Khayal Garden Park - 20.5 km / 12.7 mi <br /> Andalus Park - 20.8 km / 12.9 mi <br /> Shada Palace - 21.9 km / 13.6 mi <br /> Muftaha Theatre - 21.9 km / 13.6 mi <br /> Tuesday Traditional Market - 22.3 km / 13.9 mi <br /> Abha Lake - 22.6 km / 14 mi <br /> Reservoir Park - 22.7 km / 14.1 mi <br /> Aseer National Park - 22.8 km / 14.2 mi <br /> </p><p>The nearest major airport is Abha (AHB) - 7.5 km / 4.6 mi</p>,"<p>HeadLine : In Abha</p><p>Location : Located in Abha, Msharef Al Moden Suites is within a 15-minute drive of Al Sa ada Park and Al Salam Theme Park.  This hotel is 11 mi (17.7 km) from Rihana Mall and 11.6 mi (18.7 km) from Albanoon Land.</p><p>Rooms : Make yourself at home in one of the 33 guestrooms featuring microwaves and minibars. Complimentary wireless Internet access keeps you connected, and satellite programming is available for your entertainment. Private bathrooms with showers feature complimentary toiletries and hair dryers. Conveniences include phones, as well as safes and electric kettles.</p><p>Dining : Take advantage of the hotel s late night room service. A complimentary continental breakfast is served daily.</p><p>CheckIn Instructions : <ul>  <li>Extra-person charges may apply and vary depending on property policy</li><li>Government-issued photo identification and a credit card, debit card, or cash deposit may be required at check-in for incidental charges</li><li>Special requests are subject to availability upon check-in and may incur additional charges; special requests cannot be guaranteed</li><li>This property accepts credit cards, debit cards, and cash</li><li>Please note that cultural norms and guest policies may differ by country and by property; the policies listed are provided by the property</li>  </ul></p><p>Special Instructions : Front desk staff will greet guests on arrival.</p>",966-50-3060357,Dry cleaning/laundry service secured parking Wheelchair accessible  no Free parking nearby Free breakfast Street parking Multilingual staff 24-hour front desk Free WiFi Designated smoking areas Daily Safe-deposit box at front desk In-room accessibility (in select rooms) elevator Free self parking Free continental breakfast Concierge services,18.187963|42.663274,966-50-3060357,61961,
SA,Saudi Arabia,100218,Abha,1664886,Dar Alwasan,All,11753 Abu Huraira Road Abha ,,"Situated 3.6 km from Al Salam Theme Park, Dar Alwasan features accommodation with free WiFi and free private parking.

Featuring a kitchenette with a microwave and a fridge, each unit also comes with a satellite flat-screen TV, ironing facilities, wardrobe and a seating area. There is a fully equipped private bathroom with shower and free toiletries.

King Khalid University is 4.4 km from the aparthotel, while Agrab Market is 6 km from the property. The nearest airport is Abha Airport, 10 km from Dar Alwasan. This property will not accommodate hen, stag or similar parties.
In response to Coronavirus (COVID-19), additional safety and sanitation measures are currently in effect at this property.
Please note that Alwasan Aparthotel only accepts bookings from families only.",,process in place to check health of guests wifi available in all areas Shoeshine shared stationery such as printed menus  magazines  pens  and paper removed Soundproof rooms Private parking contactless check-in/check-out cashless payment available On-site parking Daily housekeeping Fire extinguishers 24-hour security physical distancing rules followed staff follow all safety protocols as directed by local authorities Free parking express check-in/check-out Parking 24-hour front desk Non-smoking rooms Smoke alarms use of cleaning chemicals that are effective against coronavirus lift thermometers for guests provided by property invoice provided hand sanitizer in guest accommodation and key areas Security alarm Air conditioning Facilities for disabled guests Family rooms Allergy-free room Room service wifi Free WiFi guests have the option to cancel any cleaning services for their accommodation during their stay internet services linens  towels and laundry washed in accordance with local authority guidelines first aid kit available property is cleaned by professional cleaning companies guest accommodation is disinfected between stays grocery deliveries guest accommodation sealed after cleaning,18.2305|42.55676,,11753,https://www.booking.com/hotel/sa/alwasan-aparthotel.html
SA,Saudi Arabia,100218,Abha,1748882,Layaly Aseer,All,Al Riyadh Street Near Social Security OfficeAl Basrah DistrictAbha 11342 ,,"Layaly Aseer in Abha features a garden and a shared lounge. All rooms boast a kitchenette, a flat-screen TV with satellite channels, and a private bathroom. The hotel also provides free WiFi as well as a free airport shuttle service.

The rooms are equipped with air conditioning, a microwave, a fridge, a coffee machine, a bath, free toiletries and a wardrobe. Rooms are equipped with a kettle, while some have a terrace. All rooms will provide guests with a stovetop.

Speaking Arabic and English at the 24-hour front desk, staff are ready to help around the clock.

Agrab Market is 1.4 km from the hotel. The nearest airport is Abha Airport, 20 km from Layaly Aseer.",,Free self parking Pets allowed Room service Meeting rooms 24-hour front desk Free newspapers in lobby Garden Non-smoking rooms Airport shuttle Business center Laundry facilities Dry cleaning/laundry service Facilities for disabled guests Barber/beauty shop Family rooms VIP room facilities Ironing service Bridal suite Internet access Elevator/lift Express check-in Safe-deposit box at front desk Free valet parking Gift shops or newsstand Soundproof rooms Chapel/shrine Heating Fax/photocopying Luggage storage Shopping on site Free WiFi Allergy-free room Free WiFi Non-smoking throughout Air conditioning Designated smoking areas ATM/banking Private check-in/check-out Free airport transportation Airport transportation (surcharge) Lockers Television in common areas Mini-market on site Daily housekeeping Grocery/convenience store Parking onsite Private parking Kids  outdoor play equipment Street parking,18.22651|42.50914,,11342,https://www.booking.com/hotel/sa/layaly-aseer.html
SA,Saudi Arabia,100218,Abha,1751869,Hayat Elite,ThreeStar,Abha-Al-Mansak Neighborhood Opposite Al-Raya SupermarketAbha 61466 ,,"Featuring 3-star accommodation, ???? ????? ??????? ???????? is located in Abha, 2.3 km from Al Salam Theme Park and 5.2 km from King Khalid University. This 3-star hotel offers room service, a 24-hour front desk and free WiFi. The hotel features family rooms.

Guest rooms in the hotel are fitted with a kettle. Complete with a private bathroom equipped with a bidet and a hairdryer, all units at ???? ????? ??????? ???????? have a flat-screen TV and air conditioning, and selected rooms are fitted with a balcony. At the accommodation each room includes bed linen and towels.

A business centre is at guests disposal at ???? ????? ??????? ????????.

Al Saada Park is 6.7 km from the hotel, while Al Andalus Park is 8.1 km away. The nearest airport is Abha Airport, 11 km from ???? ????? ??????? ????????. Please inform ???? ????? ??????? ???????? in advance of your expected arrival time. You can use the Special Requests box when booking, or contact the property directly with the contact details provided in your confirmation.
Guests are required to show a photo identification and credit card upon check-in. Please note that all Special Requests are subject to availability and additional charges may apply.",,Parking Room service meeting/banquet facilities 24-hour front desk Non-smoking rooms Business centre Facilities for disabled guests Family rooms Free parking internet services lift express check-in/check-out wifi Free WiFi Air conditioning grocery deliveries parking on site Street parking Accessible parking coffee house on site Key card access Security alarm Smoke alarms CCTV in common areas CCTV outside property Fire extinguishers use of cleaning chemicals that are effective against coronavirus linens  towels and laundry washed in accordance with local authority guidelines guest accommodation is disinfected between stays all plates  cutlery  glasses and other tableware have been sanitized guests have the option to cancel any cleaning services for their accommodation during their stay thermometers for guests provided by property face masks for guests available guest accommodation sealed after cleaning physical distancing in dining areas staff follow all safety protocols as directed by local authorities shared stationery such as printed menus  magazines  pens  and paper removed hand sanitizer in guest accommodation and key areas process in place to check health of guests first aid kit available contactless check-in/check-out cashless payment available physical distancing rules followed screens or physical barriers placed between staff and guests in appropriate areas,18.22331|42.55449,,61466,https://www.booking.com/hotel/sa/hayat-elite.html
SA,Saudi Arabia,100218,Abha,1753553,The View Hotel,All,King Abdul Aziz Road Abha 62521 ,,"Featuring free WiFi, THE ViEW HOTEL ABHA offers accommodation in Abha, 300 metres from Reservoir Park. Free private parking is available on site.

All rooms have a flat-screen TV with satellite channels. Certain rooms have a seating area where you can relax. Enjoy a cup of coffee while looking out at the lake or city. Each room includes a private bathroom equipped with a bath or shower. For your comfort, you will find bathrobes, slippers and free toiletries.

There is a 24-hour front desk at the property.

Abha Palace Theme Park is 600 metres from THE ViEW HOTEL ABHA, while Muftaha Palace Museum is 700 metres from the property. The nearest airport is Abha Airport, 18 km from the property. Please inform The View Hotel Abha in advance of your expected arrival time. You can use the Special Requests box when booking, or contact the property directly with the contact details provided in your confirmation.
Guests are required to show a photo identification and credit card upon check-in. Please note that all Special Requests are subject to availability and additional charges may apply.
Payment before arrival via bank transfer is required. The property will contact you after you book to provide instructions.",,Parking Room service meeting/banquet facilities 24-hour front desk Terrace Non-smoking rooms Facilities for disabled guests Family rooms Free parking cashless payment available internet services physical distancing rules followed lift invoice provided Safety Deposit Box property is cleaned by professional cleaning companies Soundproof rooms all plates  cutlery  glasses and other tableware have been sanitized Heating guests have the option to cancel any cleaning services for their accommodation during their stay wifi breakfast takeaway containers Free WiFi delivered food is securely covered Non-smoking throughout thermometers for guests provided by property face masks for guests available Air conditioning designated smoking area Lockers Daily housekeeping parking on site Private parking Public Bath Wheelchair accessible Toilet with grab rails Higher level toilet Lower bathroom sink coffee house on site temporary art galleries Smoke alarms CCTV in common areas CCTV outside property Fire extinguishers use of cleaning chemicals that are effective against coronavirus linens  towels and laundry washed in accordance with local authority guidelines guest accommodation is disinfected between stays guest accommodation sealed after cleaning physical distancing in dining areas food can be delivered to guest accommodation staff follow all safety protocols as directed by local authorities shared stationery such as printed menus  magazines  pens  and paper removed hand sanitizer in guest accommodation and key areas process in place to check health of guests first aid kit available contactless check-in/check-out,18.21092|42.48966,,62521,https://www.booking.com/hotel/sa/the-view-abha.html
SA,Saudi Arabia,100218,Abha,1754173,Azd Hotel,FourStar,King Faisal Road DowntownAbha 62521 ,Distances are displayed to the nearest 0.1 mile and kilometer. <br /> <p>Shada Palace - 0.9 km / 0.5 mi <br /> Tuesday Traditional Market - 1.2 km / 0.7 mi <br /> Muftaha Theatre - 1.5 km / 0.9 mi <br /> Muftaha Museum - 1.5 km / 1 mi <br /> Reservoir Park - 1.8 km / 1.1 mi <br /> Abha Cultural Arena - 1.9 km / 1.2 mi <br /> Andalus Park - 2.8 km / 1.7 mi <br /> Waterfall Park - 2.8 km / 1.8 mi <br /> Aseer National Park - 3.1 km / 1.9 mi <br /> Abu Khayal Garden Park - 3.3 km / 2 mi <br /> Rihana Mall - 5.8 km / 3.6 mi <br /> King Khalid University - 12.6 km / 7.8 mi <br /> Prince Sultan bin Abdul Aziz Stadium - 22.1 km / 13.8 mi <br /> </p><p>The nearest major airport is Abha (AHB) - 21.5 km / 13.4 mi</p>,"<p>HeadLine : Near Shada Palace</p><p>Location : Located in Abha, Azd Hotel is within a 5-minute drive of Shada Palace and Muftaha Theatre.  This hotel is 0.7 mi (1.1 km) from Tuesday Traditional Market and 0.9 mi (1.5 km) from Muftaha Museum.</p><p>Rooms : Make yourself at home in one of the 70 air-conditioned rooms featuring free minibar items and LCD televisions. Complimentary wireless Internet access keeps you connected, and cable programming is available for your entertainment. Private bathrooms have complimentary toiletries and hair dryers. Conveniences include phones, as well as electric kettles and irons/ironing boards.</p><p>Dining : Satisfy your appetite at the hotel s coffee shop/café, or stay in and take advantage of the 24-hour room service. A complimentary continental breakfast is served daily from 7 AM to 10 AM.</p><p>CheckIn Instructions : Extra-person charges may apply and vary depending on property policy. <br />Government-issued photo identification and a credit card, debit card, or cash deposit are required at check-in for incidental charges. <br />Special requests are subject to availability upon check-in and may incur additional charges. Special requests cannot be guaranteed. <ul>  Please note that cultural norms and guest policies may differ by country and by property. The policies listed are provided by the property. </ul></p>",966-17-2388846,Safe-deposit box at front desk Free breakfast Number of meeting rooms - 2 Porter/bellhop Coffee shop or cafe Free self parking Dry cleaning/laundry service Free WiFi Smoke-free property Indoor pool 24-hour front desk,18.21955|42.50078,966-17-2388111,62521,http://www.azdhotels.com/
SA,Saudi Arabia,100218,Abha,1763701,Abha Airport Hotel,ThreeStar,Abha Regional Airport Abha Regional AirportAbhaKhamis Mushayt 62439 ,,"The resort offers air-conditioned rooms and villas with balcony and free WiFi. The resort has an indoor swimming pool, a health club with a gym, jacuzzi, sauna, steam bath and tennis courts. Abha Airport is 4 minutes away.

All rooms overlook the garden and include a flat-screen TV with satellite channels and wooden or carpeted floors. The private bathroom includes free toiletries. Villas also include a kitchen and dining area.

The health club has a sauna, hammam and hot tub. You can also work out in the gym or enjoy a game at the tennis court.

King Khalid University is 18 km from the residence. The center of Abha is a 20-minute drive away.",,Key access Parking meeting/banquet facilities 24-hour front desk Tennis Court Garden Terrace Non-smoking rooms Laundry dry cleaning Family rooms Ironing service Free parking internet services express check-in/check-out Billiards Table tennis Bowling Heating Fax/photocopying Luggage storage wifi Free WiFi Air conditioning concierge service Private check-in/check-out Lockers parking on site Private parking wifi available in all areas secured parking Street parking Accessible parking Fitness 24-hour security Fire extinguishers CCTV outside property CCTV in common areas Smoke alarms Security alarm,18.23341|42.64831,,62439,https://www.booking.com/hotel/sa/abha-airport.html
SA,Saudi Arabia,100218,Abha,1846760,Al Muhaidb Residence Abha,All,King Abdul Aziz Road Al Shifa Abha 62521 ,Distances are displayed to the nearest 0.1 mile and kilometer. <br /> <p>Abha Lake - 1.4 km / 0.9 mi <br /> Abha Palace Theme Park - 1.6 km / 1 mi <br /> Muftaha Theatre - 2.2 km / 1.3 mi <br /> Tuesday Traditional Market - 2.6 km / 1.6 mi <br /> Shada Palace - 3.1 km / 1.9 mi <br /> Reservoir Park - 3.6 km / 2.2 mi <br /> Abha Cultural Arena - 4 km / 2.5 mi <br /> Abu Khayal Garden Park - 4.3 km / 2.7 mi <br /> Andalus Park - 4.7 km / 2.9 mi <br /> Agrab Market - 5 km / 3.1 mi <br /> Aseer National Park - 1.2 km / 0.7 mi <br /> Rihana Mall - 4 km / 2.5 mi <br /> Waterfall Park - 4.1 km / 2.6 mi <br /> Al Salam Theme Park - 7.8 km / 4.8 mi <br /> King Khalid University - 11.1 km / 6.9 mi <br /> </p><p>The nearest major airport is Abha (AHB) - 21.9 km / 13.6 mi</p>,"<p>HeadLine : Near Aseer National Park</p><p>Location : Located in Abha, AlMuhaidb Residence Abha is within a 5-minute drive of Aseer National Park and Abha Lake.  This hotel is 1 mi (1.7 km) from Muftaha Theatre and 1.1 mi (1.7 km) from Tuesday Traditional Market.</p><p>Rooms : Make yourself at home in one of the 58 air-conditioned rooms featuring refrigerators and flat-screen televisions. Complimentary wireless Internet access keeps you connected, and cable programming is available for your entertainment. Bathrooms have showers and hair dryers. Conveniences include safes and electric kettles, and housekeeping is provided daily.</p><p>Dining : Take advantage of the hotel s 24-hour room service.</p><p>CheckIn Instructions : <ul>  <li>Extra-person charges may apply and vary depending on property policy</li><li>Government-issued photo identification and a credit card, debit card, or cash deposit may be required at check-in for incidental charges</li><li>Special requests are subject to availability upon check-in and may incur additional charges; special requests cannot be guaranteed</li><li>This property accepts credit cards</li><li>Please note that cultural norms and guest policies may differ by country and by property; the policies listed are provided by the property</li>  </ul></p><p>Special Instructions : Front desk staff will greet guests on arrival.</p>",966-17-2388826,Dry cleaning/laundry service Designated smoking areas Free newspapers in lobby elevator Free self parking 24-hour front desk Free WiFi,18.20576|42.49214,966-17-2388826,62521,
SA,Saudi Arabia,100218,Abha,1846783,ETAB Hotels Suites,All,21-20 Khaireya Street Abha 34623Asir ,Distances are calculated in a straight line from the property's location to the point of interest or attraction  and may not reflect actual travel distance. <br /><br /> Distances are displayed to the nearest 0.1 mile and kilometer. <p>Aseer National Park - 0.8 km / 0.5 mi <br />Muftaha Museum - 0.8 km / 0.5 mi <br />Muftaha Theatre - 0.8 km / 0.5 mi <br />Reservoir Park - 0.9 km / 0.6 mi <br />Abu Khayal Garden Park - 1 km / 0.6 mi <br />Tuesday Traditional Market - 1 km / 0.7 mi <br />Shada Palace - 1.5 km / 0.9 mi <br />Abha Cultural Arena - 1.9 km / 1.2 mi <br />Andalus Park - 2.5 km / 1.6 mi <br />Rihana Mall - 2.9 km / 1.8 mi <br />Waterfall Park - 3 km / 1.9 mi <br />Al Salam Theme Park - 5.3 km / 3.3 mi <br />King Khalid University - 8.6 km / 5.3 mi <br />Prince Sultan bin Abdul Aziz Stadium - 16 km / 10 mi <br />Habala Cable Car - 44.2 km / 27.5 mi <br /></p><p>The nearest major airport is Abha (AHB) - 17.7 km / 11 mi. </p>,"<p><b>Property Location</b> <br />With a stay at ETAB Hotels Suites in Abha, you'll be minutes from Aseer National Park and Muftaha Museum.  This aparthotel is within close proximity of Muftaha Theatre and Reservoir Park.</p><p><b>Rooms</b> <br />Make yourself at home in one of the 60 air-conditioned rooms featuring kitchenettes with refrigerators and microwaves. 50-inch LED televisions with cable programming provide entertainment, while complimentary wireless Internet access keeps you connected. Conveniences include safes and electric kettles, and housekeeping is provided daily.</p><p><b>Amenities</b> <br />This smoke-free aparthotel offers bellhop services.</p><p><b>Dining</b> <br />Take advantage of the aparthotel's 24-hour room service.</p><p><b>Business, Other Amenities</b> <br />Featured amenities include dry cleaning/laundry services, a 24-hour front desk, and a safe deposit box at the front desk. Free self parking is available onsite.</p>",,24-hour front desk Dry cleaning/laundry service Elevator/lift Free WiFi Free self parking Porter/bellhop Safe-deposit box at front desk Smoke-free property Total number of rooms - 60,18.20597|42.49239,,34623,
SA,Saudi Arabia,100218,Abha,1853970,Saad Palace,All,King Abdul Aziz Road Alrabwa Abha 61321 ,Distances are displayed to the nearest 0.1 mile and kilometer. <br /> <p>Rihana Mall - 0.6 km / 0.3 mi <br /> Andalus Park - 2 km / 1.2 mi <br /> Agrab Market - 2.8 km / 1.7 mi <br /> Aseer National Park - 3.6 km / 2.2 mi <br /> Tuesday Traditional Market - 3.7 km / 2.3 mi <br /> Shada Palace - 3.8 km / 2.4 mi <br /> Al Salam Theme Park - 3.9 km / 2.4 mi <br /> Abu Khayal Garden Park - 4 km / 2.5 mi <br /> Muftaha Theatre - 4.2 km / 2.6 mi <br /> Waterfall Park - 4.3 km / 2.7 mi <br /> Abha Palace Theme Park - 6.5 km / 4 mi <br /> Abha Cultural Arena - 6.8 km / 4.2 mi <br /> King Khalid University - 7.2 km / 4.5 mi <br /> Reservoir Park - 7.9 km / 4.9 mi <br /> Abha Lake - 8.3 km / 5.2 mi <br /> </p><p>The nearest major airport is Abha (AHB) - 18.1 km / 11.2 mi</p>,"<p>HeadLine : Near Rihana Mall</p><p>Location : With a stay at Saad Palace 1 in Abha, you ll be within a 5-minute drive of Rihana Mall and Agrab Market.  This aparthotel is 2.2 mi (3.6 km) from Abu Khayal Garden Park and 2.4 mi (3.9 km) from Al Salam Theme Park.</p><p>Rooms : Make yourself at home in one of the 52 air-conditioned rooms featuring kitchens with full-sized refrigerators/freezers and stovetops. 32-inch LED televisions with cable programming provide entertainment, while complimentary wireless Internet access keeps you connected. Conveniences include microwaves and electric kettles, as well as phones with free local calls.</p><p>Dining : Grab a bite from the snack bar/deli, or stay in and take advantage of the aparthotel s 24-hour room service. Full breakfasts are available daily from 7 AM to 10 AM for a fee.</p><p>CheckIn Instructions : <ul>  <li>Extra-person charges may apply and vary depending on property policy</li><li>Government-issued photo identification and a credit card, debit card, or cash deposit may be required at check-in for incidental charges</li><li>Special requests are subject to availability upon check-in and may incur additional charges; special requests cannot be guaranteed</li><li>This property accepts credit cards</li><li>Please note that cultural norms and guest policies may differ by country and by property; the policies listed are provided by the property</li>  </ul></p><p>Special Instructions : Front desk staff will greet guests on arrival.</p>",,24-hour front desk Breakfast available (surcharge) Free WiFi Smoke-free property In-room accessibility (in select rooms) Wheelchair accessible parking Snack bar/deli Laundry facilities Roll-in shower (in select rooms) Accessible bathroom (in select rooms) elevator Free self parking ATM/banking Concierge services,18.207392|42.519123,966-532666195,61321,
SA,Saudi Arabia,100218,Abha,1866219,Afkham Al Qosoor Furnished Units,All,Al Ladaid Street Al Naseem DistrictAbha 69435 ,,"With a garden and a terrace, Afkham Al Qosoor Furnished Units provides accommodation with free WiFi.

All units include a fully equipped kitchen, allowing guests to prepare their own meals. Some units have a seating area and/or a balcony.

Al Salam Theme Park is 2.1 km from the aparthotel, while Agrab Market is 4.1 km from the property. Abha Airport is 18 km away. Guests are required to show a photo identification and credit card upon check-in. Please note that all Special Requests are subject to availability and additional charges may apply.
Groups of single men cannot be accommodated at the property.",,Public transport tickets Street parking Private parking Parking onsite Grocery/convenience store Daily housekeeping Mini-market on site Lockers Shared kitchen Trouser press Private check-in/check-out Terrace ATM/banking Air conditioning Non-smoking throughout Free WiFi Allergy-free room Free WiFi Luggage storage Heating Chapel/shrine Soundproof rooms Express check-in Elevator/lift Internet access Bridal suite Ironing service VIP room facilities Family rooms Facilities for disabled guests Dry cleaning/laundry service Non-smoking rooms Terrace Garden Free newspapers in lobby 24-hour front desk Room service Free self parking,18.20681|42.53551,,69435,https://www.booking.com/hotel/sa/fkhm-lqswr-bh.html
SA,Saudi Arabia,100218,Abha,1867015,Hikaiah ApartHotel,All,Al Muruj District Abha 62527 ,,"Located in Abha, Hikaiah ApartHotel features free WiFi, 2.4 km from Al Salam Theme Park.

All units feature air conditioning and a flat-screen TV. There is also a kitchen in some of the units equipped with a fridge.

Guests can also relax in the garden.

King Khalid University is 6 km from the aparthotel. The nearest airport is Abha Airport, 15 km from the property.",,Free self parking 24-hour front desk Garden Laundry facilities Dry cleaning/laundry service Barber/beauty shop Family rooms Ironing service Bridal suite Internet access Elevator/lift Gift shops or newsstand Shoeshine Luggage storage Shopping on site Free WiFi Free WiFi Air conditioning Television in common areas Mini-market on site Daily housekeeping Grocery/convenience store Parking onsite Private parking Street parking,18.21763|42.55788,,62527,https://www.booking.com/hotel/sa/hky-llshqq-lfndqy.html
SA,Saudi Arabia,100218,Abha,1867200,Al Narjis Suites,All,Al Bahrain Street Al Khaldia DistrictAbha 61441 ,,"Al Narjis Suites - Abha is located in Abha and offers self-catering accommodation. Free Wi-Fi access is available. The property is 400 metres from Abha Cultural Arena and 600 m from Reservoir Park.

Apartments at Al Narjis Suites - Abha feature a flat-screen TV. Complete with an oven, the kitchen also has a refrigerator and an electric kettle. Featuring a shower, private bathrooms also come with a bath or shower and free toiletries. Extras include a balcony, a patio and a seating area.

At Al Narjis Suites - Abha you will find a 24-hour front desk and a mini-market on site. Other facilities like grocery deliveries, a shared lounge and a ticket service are offered. The property offers free parking.

If you feel like visiting the surroundings, check out Muftaha Palace Theatre (900 metres) and Muftaha Palace Museum (900 metres). Abha Airport is located 18 km away. Please check your visa requirements before you travel.",,Walking tours food can be delivered to guest accommodation board games/puzzles Children television networks Bridal suite vending machine (drinks) pool/beach towels Chapel/shrine Shared kitchen Fire extinguishers shared lounge/TV area Ticket service Room service wifi On-site parking shops (on site) contactless check-in/check-out Kid meals invoice provided 24-hour front desk Soundproof rooms hand sanitizer in guest accommodation and key areas physical distancing rules followed Heating Allergy-free room Facilities for disabled guests express check-in/check-out Non-smoking throughout Ironing service Daily housekeeping CCTV in common areas Private parking Security alarm wifi available in all areas Mini-market on site Private check-in/check-out guest accommodation sealed after cleaning airport shuttle (additional charge) Safety Deposit Box dry cleaning Kid-friendly buffet Pets allowed process in place to check health of guests designated smoking area Luggage storage shuttle service (additional charge) physical distancing in dining areas Pub crawls Parking guest accommodation is disinfected between stays Tour desk Free WiFi Smoke alarms grocery deliveries Air conditioning thermometers for guests provided by property first aid kit available Car hire books  dvds  music for children Barber/beauty shop guests have the option to cancel any cleaning services for their accommodation during their stay cashless payment available Laundry face masks for guests available staff follow all safety protocols as directed by local authorities screens or physical barriers placed between staff and guests in appropriate areas internet services Lockers linens  towels and laundry washed in accordance with local authority guidelines Newspapers Non-smoking rooms Fax/photocopying Currency exchange ATM/cash machine on site use of cleaning chemicals that are effective against coronavirus Shoeshine shared stationery such as printed menus  magazines  pens  and paper removed Adult only Trouser press Snack Bar Free parking 24-hour security Valet parking lift Airport shuttle CCTV outside property,18.2192|42.48998,,61441,https://www.booking.com/hotel/sa/jnh-lnrjs-bh.html
SA,Saudi Arabia,100218,Abha,1867612,Nuzl Alsafwa Furnished Apartment,All,Umar Ibn Abdulaziz Al KhashaAbha 61466 ,,"Featuring free WiFi, Nuzl Alsafwa Furnished Apartments offers accommodation in Abha. Abu Khayaal Park and is 2 km from the property and Al Andalus Park is 700 metres away. Free private parking is available on site.

Some units are air conditioned and include a seating area with a flat-screen TV. Some units also have a kitchen, fitted with an oven.

Rayhana Mall Market is 1.2 km from Nuzl Alsafwa Furnished Apartments. The nearest airport is Abha Airport, 16 km from Nuzl Alsafwa Furnished Apartments.",,Street parking Private parking Parking onsite Air conditioning Free WiFi Free WiFi Heating Soundproof rooms Elevator/lift Internet access Family rooms Facilities for disabled guests Room service Free self parking,18.21206|42.50775,,61466,https://www.booking.com/hotel/sa/nuzl-alsafwa-furnished-apartments.html
SA,Saudi Arabia,100218,Abha,1869180,Al Arjowan Hotel Units,All,Al Mansak Abha 61929 ,,"Set within 2.6 km of Al Saada Park and 6 km of Al Salam Theme Park in Abha, Al Arjowan Hotel Units provides accommodation with a flat-screen TV. Complimentary WiFi is offered.

Each unit is fitted with air conditioning, a private bathroom and a kitchen. A fridge and stovetop are also available, as well as a kettle.

King Khalid University is 8 km from the aparthotel, while Agrab Market is 12 km away. Abha Airport is 11 km from the property.  A damage deposit of SAR 200 is required on arrival. This will be collected as a cash payment. You should be reimbursed on check-out. Your deposit will be refunded in full in cash, subject to an inspection of the property.",,Public Bath Private parking Parking onsite Daily housekeeping Vending machine - Snacks & Drink Special diet menus (on request) Air conditioning Free WiFi Allergy-free room Free WiFi Heating Packed lunches Soundproof rooms Express check-in Internet access Bridal suite Family rooms Non-smoking rooms 24-hour front desk Room service Free self parking Street parking,18.23113|42.57552,,61929,https://www.booking.com/hotel/sa/lrjwn-llwhdt-lfndqyh.html
SA,Saudi Arabia,100218,Abha,1869190,Rayanat Abha Aparthotel,All,King Faisal Road Abha 62431 ,,"Located in Abha, 400 metres from Waterfall Park and 4 km from Reservoir Park, Rayanat Abha Aparthotel provides city views and free WiFi. The accommodation has a hot tub.

Each unit is air-conditioned and features a seating area, a flat-screen TV and a fully equipped kitchen with a fridge. There is also a minibar, stovetop and a kettle.

Muftaha Palace Museum is 4.2 km from the aparthotel, while Al Andalus Park is 4.3 km away. The nearest airport is Abha Airport, 18 km from Rayanat Abha Aparthotel. Managed by a private host",,Parking Room service 24-hour front desk Non-smoking rooms Laundry Facilities for disabled guests Barber/beauty shop Family rooms Free parking internet services lift express check-in/check-out wifi Allergy-free room Free WiFi Non-smoking throughout Air conditioning designated smoking area ATM/cash machine on site Private check-in/check-out minimarket on site Daily housekeeping grocery deliveries parking on site secured parking invoice provided Fire extinguishers CCTV outside property CCTV in common areas Smoke alarms Security alarm Key access 24-hour security Lower bathroom sink Higher level toilet Toilet with grab rails Wheelchair accessible Accessible parking Street parking,18.23541|42.49937,,62431,https://www.booking.com/hotel/sa/rayanat-abha-aparthotel.html
SA,Saudi Arabia,100218,Abha,1870532,Al Reef Homes Hotel,FourStar,King Abdullah Road Al Salamah DistrictAbha ,,"Located in Abha, 9 km from Al Salam Theme Park, Al Reef Homes Hotel features views of the city. Among the facilities at this property are room service and ticket service, along with free WiFi throughout the property. The hotel features family rooms.

All units in the hotel are equipped with air conditioning, a seating area, a flat-screen TV with satellite channels, a kitchen, a dining area and a private bathroom with free toiletries and a shower. The units will provide guests with a desk and a kettle.

Free private parking and a business centre are available, as well as a 24-hour front desk.

Al Andalus Park is 11 km from Al Reef Homes Hotel, while Abu Khayal Garden Park is 12 km away. The nearest airport is Abha, 8 km from the accommodation, and the property offers a paid airport shuttle service. A damage deposit of SAR 500 is required on arrival. This will be collected as a cash payment. You should be reimbursed on check-out. Your deposit will be refunded in full in cash, subject to an inspection of the property.",,hand sanitizer in guest accommodation and key areas process in place to check health of guests Parking Pets allowed Room service 24-hour front desk Non-smoking rooms Airport shuttle Business centre Laundry dry cleaning Facilities for disabled guests Family rooms Ironing service Free parking internet services lift express check-in/check-out Ticket service Luggage storage wifi Free WiFi Air conditioning Private check-in/check-out airport shuttle (additional charge) Daily housekeeping grocery deliveries parking on site Private parking wifi available in all areas Security alarm Smoke alarms thermometers for guests provided by property Fire extinguishers use of cleaning chemicals that are effective against coronavirus linens  towels and laundry washed in accordance with local authority guidelines guest accommodation is disinfected between stays guest accommodation sealed after cleaning staff follow all safety protocols as directed by local authorities,18.18755|42.60272,,13211,https://www.booking.com/hotel/sa/al-reef-homes.html
SA,Saudi Arabia,100218,Abha,1870568,Sunrise Furnished Apartment,All,Qara Road Abha 37922 ,,"Located in Abha, Sunrise Furnished Apartment provides garden views and free WiFi, 30 km from Al Saada Park and 30 km from Al Salam Theme Park.

Certain units are equipped with air conditioning, a flat-screen TV, washing machine and a kettle, completed with a kitchenette.

Hiking can be enjoyed nearby.

Al Andalus Park is 15.2 km from the aparthotel, while Abu Khayal Garden Park is 16.8 km away. The nearest airport is Abha Airport, 14 km from Sunrise Furnished Apartment. Managed by a private host",,first aid kit available contactless check-in/check-out physical distancing rules followed mobile app for room service screens or physical barriers placed between staff and guests in appropriate areas invoice provided property is cleaned by professional cleaning companies all plates  cutlery  glasses and other tableware have been sanitized guests have the option to cancel any cleaning services for their accommodation during their stay Parking Room service 24-hour front desk Family rooms Free parking internet services Safety Deposit Box Hiking Cycling Horse riding wifi Free WiFi Non-smoking throughout Air conditioning grocery deliveries parking on site Private parking secured parking Walking tours 24-hour security Security alarm Smoke alarms CCTV in common areas CCTV outside property Fire extinguishers use of cleaning chemicals that are effective against coronavirus linens  towels and laundry washed in accordance with local authority guidelines guest accommodation is disinfected between stays guest accommodation sealed after cleaning physical distancing in dining areas staff follow all safety protocols as directed by local authorities shared stationery such as printed menus  magazines  pens  and paper removed hand sanitizer in guest accommodation and key areas process in place to check health of guests,18.16976|42.63578,,37922,https://www.booking.com/hotel/sa/sunraise.html
SA,Saudi Arabia,100218,Abha,1870894,Qasr Al Ertiqaa Hotel Apartments,All,Al Imam Mohamed Bin Saud Road Al Khaldyah DistrictAbha 62521 ,,"Qasr Al Ertiqaa Hotel Apartments offers accommodations in the heart of Abha.  Its is situated within walking distance from the governmental buildings and shopping centre. Qasr Al Ertiqaa is situated near the Miftaha village, Abha private hostpital and the Tuesday market.

All units are air conditioned and have a flat-screen TV. There is a seating and/or dining area in some units. There is also a kitchenette, equipped with a refrigerator. There is a private bathroom with a bath or shower and slippers in every unit.

Guests can enjoy the on-site coffee shop. The property also offers grocery delivery.

Muftaha Palace Museum is 800 metres from Qasr Al Ertiqaa Hotel Apartments, while Reservoir Park is 800 metres from the property. The nearest airport is Abha Airport, 17 km from the property.",,Free self parking Room service 24-hour front desk Free newspapers in lobby Non-smoking rooms Laundry facilities Dry cleaning/laundry service Facilities for disabled guests Family rooms Ironing service Bridal suite Internet access Elevator/lift Express check-in Library Chapel/shrine Free WiFi Allergy-free room Free WiFi Non-smoking throughout Air conditioning Designated smoking areas Lockers Television in common areas Daily housekeeping Grocery/convenience store Parking onsite Children television networks Street parking Wheelchair accessible,18.21968|42.49308,,62521,https://www.booking.com/hotel/sa/qasr-alertiqaa-aparthotel-abha8.html
SA,Saudi Arabia,100218,Abha,1870899,Al Malqa Aparthotel,All,Airport Road Abha 15018 ,,"Located in Abha, 10 km from Al Saada Park and 14 km from King Khalid University, Al Malqa ApartHotel provides accommodation with free WiFi, air conditioning, a shared lounge and a garden.

Each unit comes with a sofa, a seating area, a flat-screen TV with satellite channels, a well-fitted kitchen with a dining area, a safety deposit box and a private bathroom with bathrobes. A microwave, a fridge and oven are also featured, as well as a kettle.

Al Salam Theme Park is 16 km from the aparthotel, while Agrab Market is 17 km away. The nearest airport is Abha Airport, 2 km from Al Malqa ApartHotel. A damage deposit of SAR 200 is required on arrival. This will be collected as a cash payment. You should be reimbursed on check-out. Your deposit will be refunded in full in cash, subject to an inspection of the property.
Managed by a private host",,internet services Daily housekeeping grocery deliveries Free WiFi Family rooms wifi Private check-in/check-out temporary art galleries Shoeshine Lockers Heating Fire extinguishers Room service Garden Laundry Luggage storage shared lounge/TV area Free parking Parking 24-hour front desk On-site parking express check-in/check-out Ironing service ATM/cash machine on site wifi available in all areas Smoke alarms Mini-market on site Security alarm Air conditioning lift Non-smoking throughout Private parking Non-smoking rooms CCTV outside property Safety Deposit Box CCTV in common areas,18.24201|42.63806,,15018,https://www.booking.com/hotel/sa/almulka-aparthotel.html
SA,Saudi Arabia,100218,Abha,1873537,Safwt Aldyar Furnished Units,All,Airport Road Abha 62217 ,,"Located in Abha, 14 km from King Khalid University, Safwt Aldyar Furnished Units features views of the city. Boasting room service, this property also provides guests with a terrace. The property is non-smoking and is set 8.8 km from Al Saada Park.

All guest rooms come with air conditioning, a flat-screen TV with satellite channels, a fridge, a kettle, a bidet, free toiletries and a desk. With a private bathroom fitted with a shower and a hairdryer, rooms at the hotel also have free WiFi, while selected rooms also offer a balcony. The units in Safwt Aldyar Furnished Units are equipped with slippers and a computer.

Free private parking and a business centre are available, as well as a 24-hour front desk.

Al Salam Theme Park is 16 km from the accommodation, while Al Andalus Park is 18 km from the property. The nearest airport is Abha Airport, 4 km from Safwt Aldyar Furnished Units. A damage deposit of SAR 100 is required on arrival. This will be collected as a cash payment. You should be reimbursed on check-out. Your deposit will be refunded in full in cash, subject to an inspection of the property.",,Fire extinguishers staff follow all safety protocols as directed by local authorities shared stationery such as printed menus  magazines  pens  and paper removed hand sanitizer in guest accommodation and key areas process in place to check health of guests first aid kit available contactless check-in/check-out cashless payment available physical distancing rules followed mobile app for room service Daily housekeeping grocery deliveries parking on site Private parking wifi available in all areas secured parking Street parking Accessible parking coffee house on site 24-hour security Key card access Security alarm Smoke alarms Parking Room service 24-hour front desk Terrace Non-smoking rooms Business centre Facilities for disabled guests Barber/beauty shop Family rooms Ironing service Free parking internet services lift Heating Fax/photocopying wifi Free WiFi Non-smoking throughout Air conditioning minimarket on site,18.24087|42.64028,,62217,https://www.booking.com/hotel/sa/sfw-ldyr.html
SA,Saudi Arabia,100218,Abha,1874626,Asir tower housing units,All,Amr Ibn Al Jmouh Al-MozvinAbha 62583 ,,"Set within 1.5 km of Al Saada Park and 6 km of King Khalid University in Abha, Asir tower housing units provides accommodation with a flat-screen TV. Free WiFi is offered.

There is a fully equipped private bathroom with shower and free toiletries.

Al Salam Theme Park is 8 km from the aparthotel, while Agrab Market is 10 km from the property. Abha Airport is 9 km away. Please note that this property is for families only.",,Free self parking Facilities for disabled guests Internet access Elevator/lift Free WiFi Free WiFi Non-smoking throughout Air conditioning Parking onsite,18.2364|42.59199,,62583,https://www.booking.com/hotel/sa/asir-tower-housing-units.html
SA,Saudi Arabia,100218,Abha,1874667,Khuzama Abha Furnished Apartments,All,30th Street Al Mansak DistrictAbha 12342 ,,"Situated 2.6 km from Al Salam Theme Park, Khuzama Abha Furnished Apartments offers accommodation with a balcony. Complimentary WiFi is available.

The units have a fully equipped kitchen with an oven and a microwave. There is a seating and a dining area in all units.

Guests can also relax in the shared lounge area.

King Khalid University is 5 km from the aparthotel, while Al Saada Park is 5 km away. The nearest airport is Abha Airport, 14 km from the property.",,Private parking Free WiFi Kid-friendly buffet Street parking Free self parking Room service 24-hour front desk Airport shuttle Barber/beauty shop Family rooms Bridal suite Internet access Elevator/lift Gift shops or newsstand Soundproof rooms Chapel/shrine Heating Shopping on site Allergy-free room Free WiFi Non-smoking throughout Air conditioning Designated smoking areas ATM/banking Area shuttle (surcharge) Airport transportation (surcharge) Television in common areas Mini-market on site Daily housekeeping Grocery/convenience store Parking onsite,18.22424|42.55809,,12342,https://www.booking.com/hotel/sa/khuzama-abha-furnished-apartments.html
SA,Saudi Arabia,100218,Abha,1874697,Saad Palace 4,All,King Abdulaziz Road Al Wardteen District EntranceAbha 61321 ,,"Set within 1.7 km of Waterfall Park in Abha, Saad Palace 4 provides accommodation with a kitchen. Free WiFi is available.

Every unit features a private bathroom and shower, air conditioning, a flat-screen TV and a oven. A terrace with city views is offered in all units.

Abha Cultural Arena is 2 km from the aparthotel. Abha Airport is 22 km from the property.",,Free self parking Room service 24-hour front desk Terrace Non-smoking rooms Facilities for disabled guests Family rooms Internet access Elevator/lift Express check-in Heating Free WiFi Free WiFi Non-smoking throughout Air conditioning Lockers Daily housekeeping Parking onsite Private parking Street parking,18.2302|42.49498,,61321,https://www.booking.com/hotel/sa/saad-palace-4.html
SA,Saudi Arabia,100218,Abha,1874749,Omsya Saeeda Furnished Apartments 2,All,King Faisal Road Al Jamaa DistrictAbha 61142 ,,"Located in Abha, 1.9 km from Waterfall Park, ????? ????? ??????? ???????? 2 provides accommodation with free WiFi.

A kitchen with a dishwasher, an oven and dining area is included in each of the air-conditioned units. A fridge and stovetop are also featured, as well as a coffee machine.

Abha Mall is 2.1 km from the aparthotel, while Abha Cultural Arena is 3.1 km away. The nearest airport is Abha Airport, 22 km from ????? ????? ??????? ???????? 2. Please inform ????? ????? ??????? ???????? 2 in advance of your expected arrival time. You can use the Special Requests box when booking, or contact the property directly with the contact details provided in your confirmation.",,Free self parking Restaurant Pets allowed Room service 24-hour front desk Facilities for disabled guests Family rooms Internet access Elevator/lift Express check-in Shoeshine Heating Free WiFi Allergy-free room Free WiFi Non-smoking throughout Air conditioning ATM/banking Daily housekeeping Grocery/convenience store Parking onsite Street parking,18.23568|42.49901,,61142,https://www.booking.com/hotel/sa/omsya-saeeda-furnished-apartments-2.html
SA,Saudi Arabia,100218,Abha,1874846,Qosor AlAzd Hotel,All,Al Qora District Abha 19325 ,,"Set in Abha, 500 metres from Waterfall Park and 4 km from Reservoir Park, Qosor AlAzd Hotel offers accommodation with free WiFi and a shared lounge.

Every unit features a private bathroom and bidet, air conditioning, a flat-screen TV and a fridge. There is also a kitchen in some of the units equipped with an oven and minibar.

Muftaha Palace Museum is 4.3 km from the aparthotel, while Al Andalus Park is 4.4 km away. The nearest airport is Abha Airport, 18 km from Qosor AlAzd Hotel.",,Parking Room service Non-smoking rooms Laundry dry cleaning Facilities for disabled guests Family rooms Games room Ironing service Free parking internet services lift Heating wifi Free WiFi Air conditioning designated smoking area Trouser press shared lounge/TV area Daily housekeeping grocery deliveries parking on site wifi available in all areas secured parking Street parking coffee house on site 24-hour security Key access Security alarm Smoke alarms CCTV in common areas CCTV outside property Fire extinguishers use of cleaning chemicals that are effective against coronavirus linens  towels and laundry washed in accordance with local authority guidelines guest accommodation is disinfected between stays guest accommodation sealed after cleaning staff follow all safety protocols as directed by local authorities shared stationery such as printed menus  magazines  pens  and paper removed hand sanitizer in guest accommodation and key areas process in place to check health of guests first aid kit available contactless check-in/check-out cashless payment available physical distancing rules followed mobile app for room service screens or physical barriers placed between staff and guests in appropriate areas invoice provided property is cleaned by professional cleaning companies guests have the option to cancel any cleaning services for their accommodation during their stay thermometers for guests provided by property face masks for guests available,18.23491|42.49878,,19325,https://www.booking.com/hotel/sa/qswr-lzd-lj1.html
SA,Saudi Arabia,100218,Abha,1875216,Dana el Sharjah,All,Sird Bin Abdullah Al Azdi Road El  khaldyaAbha 63687 ,,"Set in Abha, Dana el Sharjah features air-conditioned rooms with free WiFi. 2.9 km from Abha Cultural Arena, the property is also 3.9 km away from Reservoir Park. The accommodation provides a 24-hour front desk, and luggage storage for guests.

At the hotel, all rooms come with a desk and a flat-screen TV. Each room has a private bathroom with free toiletries and a hair dryer.

Muftaha Palace Theatre is 4.1 km from Dana el Sharjah, while Waterfall Park is 5 km away. Abha Airport is 24 km from the property.",,Free self parking Meeting rooms 24-hour front desk Tennis on site Business center Facilities for disabled guests Family rooms Internet access Elevator/lift Free valet parking Shoeshine Luggage storage Free WiFi Free WiFi Air conditioning Daily housekeeping Grocery/convenience store Parking onsite Private parking,18.23809|42.47885,,63687,https://www.booking.com/hotel/sa/dana-el-sharjah-dn-lshrq.html
